<?xml version="1.0" encoding="UTF-8" standalone="yes"?>
<addon id="script.KleptoGuiFix" name="[COLOR cyan]Klepto [COLOR magenta]GUI Crash Fix[/COLOR]" version="1.5" provider-name="[B][I][COLOR cyan]Klepto[/COLOR][/I][/B]">
	<requires>
		<import addon="xbmc.python" version="2.1.0"/>
	</requires>
	<extension point="xbmc.service" library="service.py" start="startup">
	</extension>
	<extension point="xbmc.python.script" library="default.py">
		<provides>script executable</provides>
	</extension>
	<extension point="xbmc.addon.metadata">
		<summary lang="en">This fix switches to the appropriate skin in the event of a GUI crash.</summary>
		<description lang="en">In case of a guisettings crash, this checks if the appropriate skin is currently being used, and if not, it gives you the option to switch to it.</description>
		<disclaimer lang="en">For support, follow me on Twitter at:  [B][COLOR magenta]@K1ept0[/COLOR][/B]</disclaimer>
		<platform>all</platform>
		<license>GNU GENERAL PUBLIC LICENSE. Version 2, June 1991</license>
	</extension>
</addon>