<?xml version="1.0" encoding="UTF-8" standalone="yes"?>
<addon id="repository.kleptokodi" name="KleptoKodi Repo" version="0.0.1" provider-name="Klepton">
	<extension point="xbmc.addon.repository" name="KleptoKodi Repo">
		<dir>
			<info compressed="false">https://raw.githubusercontent.com/noobsandnerds/modules4all/master/zips/addons.xml</info>
			<checksum>https://raw.githubusercontent.com/noobsandnerds/modules4all/master/zips/addons.xml.md5</checksum>
			<datadir zip="true">https://raw.githubusercontent.com/noobsandnerds/modules4all/master/zips/</datadir>
		</dir>
		<info compressed="false">https://raw.githubusercontent.com/Klepton/repository.kleptokodi/master/zips/addons.xml</info>
		<checksum>https://raw.githubusercontent.com/Klepton/repository.kleptokodi/master/zips/addons.xml.md5</checksum>
		<datadir zip="true">https://raw.githubusercontent.com/Klepton/repository.kleptokodi/master/zips/</datadir>
	</extension>
	<extension point="xbmc.addon.metadata">
		<summary lang="en">Kodi Tools</summary>
		<description lang="en">This Repository stores KleptoKodi Builds, Wizards & Addons</description>
		<genre></genre>
	</extension>
</addon>