<?xml version="1.0" encoding="UTF-8" standalone="yes"?>
<addon id="repository.Klepto" name="[COLOR cyan]Klepto [COLOR magenta]Repo[/COLOR]" version="0.0.4" provider-name="[B][I][COLOR cyan]Klepto[/COLOR][/I][/B]">
	<extension point="xbmc.addon.repository" name="Klepto Repo">
		<dir>
			<info compressed="false">https://raw.githubusercontent.com/totalrevolution/python-koding/master/zips/addons.xml</info>
			<checksum>https://raw.githubusercontent.com/totalrevolution/python-koding/master/zips/addons.xml.md5</checksum>
			<datadir zip="true">https://raw.githubusercontent.com/totalrevolution/python-koding/master/zips/</datadir>
		</dir>
		<dir>
			<info compressed="false">https://raw.githubusercontent.com/teamuniversal/scrapers/master/_modules4all/zips/addons.xml</info>
			<checksum>https://raw.githubusercontent.com/teamuniversal/scrapers/master/_modules4all/zips/addons.xml.md5</checksum>
			<datadir zip="true">https://raw.githubusercontent.com/teamuniversal/scrapers/master/_modules4all/zips/</datadir>
		</dir>
		<dir>
			<info compressed="false">https://raw.githubusercontent.com/marcelveldt/repository.marcelveldt/master/addons.xml</info>
			<checksum>https://raw.githubusercontent.com/marcelveldt/repository.marcelveldt/master/addons.xml.md5</checksum>
			<datadir zip="true">https://raw.githubusercontent.com/marcelveldt/repository.marcelveldt/master/</datadir>
		</dir>
		<dir>
			<info compressed="false">https://raw.githubusercontent.com/jsergio123/zips/master/addons.xml</info>
			<checksum>https://raw.githubusercontent.com/jsergio123/zips/master/addons.xml.md5</checksum>
			<datadir zip="true">https://raw.githubusercontent.com/jsergio123/zips/master/</datadir>
		</dir>
		<info compressed="false">https://raw.githubusercontent.com/Klepton/Klepto/master/addons.xml</info>
		<checksum>https://raw.githubusercontent.com/Klepton/Klepto/master/addons.xml.md5</checksum>
		<datadir zip="true">https://raw.githubusercontent.com/Klepton/Klepto/master/</datadir>
	</extension>
	<extension point="xbmc.addon.metadata">
		<summary lang="en">Klepto Repo</summary>
		<description lang="en">This Repository stores Klepto addons plus other repos which provide essential modules.</description>
		<disclaimer lang="en">The authors of these addons are not responsible for their use. The authors are not responsible for the content found using these addons. The authors do not host or own any content found within these addons.  The authors are in no way affiliated with Kodi, Team Kodi, or the XBMC Foundation.  This is a Non-profit resource, organized solely for educational purposes which is protected under the Fair-Use doctrine of the Copyright Act, Specifically section 107, which does promote freedom of expression, by permitting the unlicensed use of copyright-protected works.</disclaimer>
		<platform>all</platform>
	</extension>
</addon>