<?xml version="1.0" encoding="UTF-8" standalone="yes"?>
<addon id="repository.Klepto" name="[COLOR cyan]Klepto [COLOR magenta]Repo[/COLOR]" version="0.0.3" provider-name="[B][I][COLOR cyan]Klepto[/COLOR][/I][/B]">
	<extension point="xbmc.addon.repository" name="Klepto Repo">
		<dir>
			<info compressed="false">https://raw.githubusercontent.com/totalrevolution/python-koding/master/zips/addons.xml</info>
			<checksum>https://raw.githubusercontent.com/totalrevolution/python-koding/master/zips/addons.xml.md5</checksum>
			<datadir zip="true">https://raw.githubusercontent.com/totalrevolution/python-koding/master/zips/</datadir>
		</dir>
		<dir>
			<info compressed="false">https://raw.githubusercontent.com/teamuniversal/scrapers/master/_modules4all/zips/addons.xml</info>
			<checksum>https://raw.githubusercontent.com/teamuniversal/scrapers/master/_modules4all/zips/addons.xml.md5</checksum>
			<datadir zip="true">https://raw.githubusercontent.com/teamuniversal/scrapers/master/_modules4all/zips/</datadir>
		</dir>
		<info compressed="false">https://raw.githubusercontent.com/Klepton/Klepto/master/addons.xml</info>
		<checksum>https://raw.githubusercontent.com/Klepton/Klepto/master/addons.xml.md5</checksum>
		<datadir zip="true">https://raw.githubusercontent.com/Klepton/Klepto/master/</datadir>
	</extension>
	<extension point="xbmc.addon.metadata">
		<summary lang="en"></summary>
		<description lang="en">This Repository stores Klepto addons</description>
		<genre></genre>
	</extension>
</addon>