<?xml version="1.0" encoding="UTF-8" standalone="yes"?>
<addon id="plugin.program.KleptoWizard" name="[COLOR cyan]Klepto [COLOR magenta]Wizard[/COLOR]" version="2.4" provider-name="[B][I][COLOR magenta]Klepton[/COLOR][/I][/B]">
	<requires>
		<import addon="xbmc.python" version="2.1.0"/>
	</requires>
	<extension point="xbmc.python.pluginsource" library="default.py">
		<provides>program executable</provides>
	</extension>
	<extension point="xbmc.service" library="startup.py" start="startup" />
	<extension point="xbmc.addon.metadata">
		<summary lang="en">Installer for [COLOR cyan]Klepto[/COLOR] Builds</summary>
		<description lang="en">This Wizard allows you to install the latest version of the [B][COLOR cyan]Klepto[/COLOR][/B] Builds.  It also provides Maintenance, Tools and Tweaks sections to help you keep your Media Center running as smoothly as possible.</description>
		<disclaimer lang="en">For support, follow me on Twitter at:  [B][COLOR magenta]@Klepto[/COLOR][/B]</disclaimer>
		<platform>all</platform>
		<license>GNU GENERAL PUBLIC LICENSE. Version 2, June 1991</license>
	</extension>
</addon>